date,FII,DII
2026-09-01,1143.4,1846.9
2026-09-02,6688.4,2813.0
2026-09-03,-2345.9,4977.5
2026-09-04,-3111.9,8930.1
2026-09-07,280.1,566.8
2026-09-08,-123.2,1349.6
2026-09-09,-583.0,1509.0
2026-09-10,-438.2,1025.8
2026-09-11,-930.9,1968.2
2026-09-15,-2977.9,2686.0
2026-09-16,-2032.6,3908.2
2026-09-17,-3208.8,3617.8
2026-09-18,599.5,1019.7
2026-09-21,-576.2,2797.3
2026-09-22,-3810.0,4120.1
2026-09-23,1617.4,2341.5
2026-09-24,-5027.4,4301.2
2026-09-25,-3693.9,2838.2
2026-09-28,-5353.2,5189.0
2026-09-29,-9980.2,6952.7
2026-09-30,-10148.4,11271.7
2026-10-01,-9484.22,10041.84
2026-10-05,-4699.14,5181.62
