date,index,fpe
2026-10-03,Auto,19.36
2026-10-03,Bank,11.22
2026-10-03,CPSE,10.48
2026-10-03,Capital Market,28.02
2026-10-03,Commodities,12.64
2026-10-03,Consumer Durables,38.59
2026-10-03,Defence,35.17
2026-10-03,Energy,14.42
2026-10-03,FMCG,25.87
2026-10-03,Financial Services,12.67
2026-10-03,IT,14.63
2026-10-03,India Consumption,26.62
2026-10-03,Infrastructure,17.54
2026-10-03,MNC,24.6
2026-10-03,Manufacturing,18.91
2026-10-03,Media,20.89
2026-10-03,Metal,11.37
2026-10-03,Nifty 50,15.45
2026-10-03,Nifty 500,16.5
2026-10-03,Nifty Microcap 250,14.86
2026-10-03,Nifty Midcap 150,19.35
2026-10-03,Nifty Next 50,15.71
2026-10-03,Nifty Smallcap 250,19.08
2026-10-03,Oil & Gas,11.64
2026-10-03,PSE,9.3
2026-10-03,PSU Bank,7.48
2026-10-03,Pharma,29.88
2026-10-03,Private Bank,12.52
2026-10-03,Realty,19.58
2026-10-03,Services Sector,14.74
2026-10-03,Tourism,27.54
